0, 15465970, 2, 38.0437578, 23.5833815, 38.0439992, 23.582855
1, 15467633, 2, 38.0436271, 23.5832875, 38.0429606, 23.5846929
2, 15467633, 3, 38.0426765, 23.5852603, 38.0423408, 23.5858642, 38.0419993, 23.5864342
3, 15467639, 5, 38.0421117, 23.5865559, 38.0424594, 23.5859714, 38.0428, 23.5853634, 38.0430885, 23.5847948, 38.0433554, 23.5842231
4, 15467663, 6, 38.0412587, 23.5875268, 38.041077, 23.5877922, 38.0408773, 23.5881126, 38.0407126, 23.5883817, 38.0404708, 23.5887599, 38.040236, 23.589118
5, 23184751, 4, 38.0012493, 23.6858841, 38.0013677, 23.6856131, 38.0014822, 23.6853395, 38.0015928, 23.6850633
6, 23184754, 2, 38.0011446, 23.6858066, 38.0002094, 23.6877966
7, 24281412, 4, 38.0014864, 23.6849986, 38.0013781, 23.6852718, 38.0012643, 23.6855412, 38.0011446, 23.6858066
8, 27759977, 2, 38.0015928, 23.6850633, 38.0018205, 23.6844016
9, 27759977, 1, 38.002512, 23.6823492
10, 28669047, 2, 38.0078778, 23.672766, 38.0084335, 23.6719411
11, 28669047, 3, 38.0086977, 23.6715425, 38.0088638, 23.6712918, 38.0089394, 23.6711778
12, 28669047, 1, 38.0092965, 23.6706397
13, 32042773, 2, 37.8951168, 23.9127399, 37.8939216, 23.9146799
14, 32042773, 10, 37.8930669, 23.9160378, 37.8922676, 23.9172646, 37.8919493, 23.9178138, 37.8912592, 23.9191416, 37.8910432, 23.9194827, 37.8908289, 23.9197631, 37.8906076, 23.920023, 37.8903287, 23.9203151, 37.8897397, 23.9207924, 37.8895983, 23.920904
15, 32042773, 9, 37.8885722, 23.9217813, 37.8880974, 23.9221844, 37.8878069, 23.9224531, 37.887581, 23.9227072, 37.8871382, 23.9232493, 37.8869244, 23.9235019, 37.8867985, 23.9236438, 37.8865958, 23.9238369, 37.8865124, 23.9238999
16, 32042994, 11, 37.8865903, 23.9240049, 37.8867336, 23.9238767, 37.8868685, 23.923747, 37.8870043, 23.9235943, 37.8872084, 23.9233347, 37.8875266, 23.9229485, 37.8877295, 23.9227125, 37.8879379, 23.9224905, 37.8881327, 23.9222958, 37.8883534, 23.9221054, 37.8886831, 23.9218259
17, 32042994, 12, 37.8895601, 23.9211039, 37.8896574, 23.9210224, 37.889813, 23.9208919, 37.8901558, 23.9206218, 37.8903657, 23.9204239, 37.8907799, 23.9199613, 37.8909982, 23.9196805, 37.8912523, 23.9193141, 37.8913595, 23.9191424, 37.8915974, 23.9187203, 37.8920356, 23.9178886, 37.8923465, 23.9173379
18, 32042994, 3, 37.8931407, 23.9161308, 37.8940035, 23.9147506, 37.8944393, 23.9140211
19, 32048887, 7, 37.8059442, 23.990478, 37.8077708, 23.9891533, 37.8082998, 23.9887242, 37.8086999, 23.9883465, 37.8090457, 23.9879946, 37.8093509, 23.9876685, 37.8094453, 23.987566
20, 32048887, 3, 37.8096357, 23.9873595, 37.8099612, 23.9869732, 37.810246, 23.986587
21, 32048887, 3, 37.8105511, 23.9861664, 37.8108427, 23.9856772, 37.8110529, 23.9853253
22, 32048887, 2, 37.8113904, 23.9847472, 37.8114857, 23.9845445
23, 32048889, 2, 37.8057187, 23.990642, 37.8059442, 23.990478
24, 32048891, 2, 37.8117162, 23.984047, 37.8117911, 23.983881
25, 32048891, 4, 37.8147964, 23.9768868, 37.8160571, 23.9739699, 37.8168232, 23.9721159, 37.8170218, 23.9716955
26, 32048891, 6, 37.8171962, 23.9713263, 37.8176027, 23.9705622, 37.8179556, 23.969953, 37.8182742, 23.9694552, 37.818776, 23.96876, 37.8193116, 23.9680562
27, 32048891, 2, 37.8201252, 23.9670004, 37.8211143, 23.9656812
28, 32048918, 2, 37.8407914, 23.9416663, 37.8372362, 23.9449934
29, 32048918, 4, 37.8369651, 23.9452595, 37.8366872, 23.9455599, 37.8364431, 23.9458603, 37.8363094, 23.9460355
30, 32048918, 3, 37.8362466, 23.9461178, 37.8360161, 23.9464783, 37.8355958, 23.9471564
31, 32048918, 7, 37.8351873, 23.9477981, 37.8348348, 23.9483474, 37.834306, 23.9491713, 37.8338179, 23.9498322, 37.8332367, 23.9504774, 37.8327753, 23.9509274, 37.8325306, 23.9511526
32, 32048938, 9, 37.8848447, 23.9248328, 37.8850139, 23.9247424, 37.885275, 23.9246078, 37.8855206, 23.9245013, 37.8859548, 23.9243305, 37.8861379, 23.9242472, 37.8863181, 23.924171, 37.8864622, 23.9240952, 37.8865152, 23.9240613
33, 32048989, 5, 37.8692621, 23.929131, 37.8689733, 23.9290375, 37.8687247, 23.9289997, 37.8684908, 23.92898, 37.8683604, 23.9289858
34, 32049027, 2, 37.8408222, 23.9418027, 37.840894, 23.941734
35, 32049030, 9, 37.8737654, 23.9311593, 37.8735279, 23.9311923, 37.8733499, 23.931193, 37.8731463, 23.9311732, 37.8729202, 23.9311272, 37.8727217, 23.9310702, 37.8721374, 23.9309086, 37.8718935, 23.9307885, 37.871551, 23.9305617
36, 32049030, 5, 37.8712774, 23.9303804, 37.8703129, 23.9297696, 37.869564, 23.9292925, 37.8693911, 23.9291929, 37.8692621, 23.929131
37, 32049038, 3, 37.884577, 23.9248488, 37.8840407, 23.9251837, 37.8827337, 23.925959
38, 32049038, 3, 37.8824175, 23.9261466, 37.8813784, 23.926763, 37.8808802, 23.9270287
39, 32049038, 3, 37.8805609, 23.9271988, 37.8802384, 23.9273869, 37.8797061, 23.9277029
40, 32049038, 5, 37.8776332, 23.928955, 37.8764803, 23.9296298, 37.8742212, 23.9309698, 37.8739092, 23.9311081, 37.8737654, 23.9311593
41, 32049040, 5, 37.8738359, 23.9312452, 37.8739656, 23.9312007, 37.8741903, 23.9310975, 37.874502, 23.9309344, 37.8761009, 23.9299902
42, 32049040, 3, 37.8790073, 23.9282908, 37.8815342, 23.9267888, 37.8844519, 23.9250535
43, 32049040, 2, 37.8847219, 23.9249022, 37.8848447, 23.9248328
44, 32049430, 4, 37.8116034, 23.9840357, 37.8112479, 23.9847918, 37.8110851, 23.9851008, 37.8108885, 23.9854355
45, 32049430, 13, 37.8107054, 23.9857445, 37.8104952, 23.9860621, 37.8102985, 23.9863453, 37.8100883, 23.9866286, 37.8098917, 23.9868861, 37.8097086, 23.9871092, 37.8094645, 23.987401, 37.8091593, 23.9877186, 37.8088881, 23.9880104, 37.8086304, 23.9882679, 37.8082574, 23.9885941, 37.8078912, 23.9889031, 37.8070165, 23.9895125
46, 32049430, 1, 37.8059444, 23.9903331
47, 32050372, 4, 37.7918344, 24.0563526, 37.7913525, 24.0564803, 37.7907884, 24.0565763, 37.7901874, 24.0566586
48, 32050372, 3, 37.7899454, 24.0566912, 37.7896474, 24.0567314, 37.7882676, 24.0569126
49, 32050372, 3, 37.7874883, 24.0570268, 37.785849, 24.0571986, 37.7856413, 24.0572208
50, 32050372, 4, 37.7848043, 24.0573101, 37.7839768, 24.0573616, 37.7834341, 24.0573616, 37.7830801, 24.057347
51, 32050372, 7, 37.78281, 24.0573359, 37.7821452, 24.0572844, 37.7815415, 24.0571986, 37.7809309, 24.0570956, 37.7804018, 24.0569754, 37.7798591, 24.0568381, 37.7798063, 24.0568236
52, 32050372, 9, 37.779296, 24.0566836, 37.7787873, 24.0565033, 37.778231, 24.0562888, 37.777539, 24.0559969, 37.7770302, 24.0557652, 37.7762839, 24.0553532, 37.7756666, 24.0549841, 37.775151, 24.0546923, 37.7746286, 24.054349
53, 32050372, 8, 37.7741537, 24.0540657, 37.7736924, 24.0538512, 37.7734482, 24.0537752, 37.7730864, 24.0536967, 37.7727927, 24.0536576, 37.7724194, 24.0536442, 37.77206, 24.0536707, 37.7718712, 24.0537037
54, 32050372, 5, 37.7717338, 24.0537277, 37.7714133, 24.0538055, 37.7710184, 24.0539443, 37.770569, 24.0541688, 37.7688991, 24.0550827
55, 32050372, 5, 37.7681822, 24.0554749, 37.7681464, 24.0554933, 37.768014, 24.0555647, 37.767582, 24.0558099, 37.7664892, 24.0564009
56, 32050372, 13, 37.7661008, 24.0566103, 37.7657372, 24.0568064, 37.7651389, 24.0571038, 37.7646749, 24.0573068, 37.7642161, 24.0574826, 37.7637777, 24.0576338, 37.7634032, 24.0577365, 37.7630808, 24.057808, 37.7627125, 24.0578817, 37.7623666, 24.057935, 37.7620472, 24.0579734, 37.7617302, 24.0579991, 37.7613669, 24.0580138
57, 32050372, 13, 37.7609132, 24.0580153, 37.7604521, 24.0579946, 37.7600045, 24.0579462, 37.7595571, 24.0578797, 37.7591343, 24.0577907, 37.7586342, 24.0576616, 37.7582063, 24.0575241, 37.7577776, 24.0573674, 37.7573909, 24.0572034, 37.7570451, 24.0570356, 37.7567073, 24.0568614, 37.7563429, 24.0566567, 37.7559225, 24.056386
58, 32050372, 5, 37.7555826, 24.0561591, 37.7552566, 24.0559186, 37.7548888, 24.0556209, 37.7545532, 24.0553385, 37.7540479, 24.0548979
59, 32050372, 1, 37.7534141, 24.0543459
60, 32050374, 4, 37.7680756, 24.0556852, 37.7681582, 24.0556405, 37.7682602, 24.0555888, 37.768324, 24.0555534
61, 32050374, 13, 37.7694409, 24.0549344, 37.7709132, 24.054161, 37.7711669, 24.0540609, 37.7715096, 24.0539357, 37.7719514, 24.0538323, 37.7723064, 24.0537919, 37.7727238, 24.0537915, 37.7730024, 24.0538244, 37.77329, 24.0538808, 37.7735228, 24.0539456, 37.7739162, 24.0541087, 37.7743233, 24.0543318, 37.7745133, 24.054452
62, 32050374, 7, 37.7753749, 24.0550013, 37.7758769, 24.0552931, 37.7761008, 24.0554562, 37.7762907, 24.0555764, 37.7767521, 24.0557995, 37.777098, 24.0559712, 37.7772814, 24.0560563
63, 32050374, 3, 37.7775051, 24.05616, 37.7780275, 24.0563832, 37.7780965, 24.0564091
64, 32050374, 12, 37.7782852, 24.05648, 37.7787534, 24.056654, 37.7791361, 24.056781, 37.7796011, 24.0569296, 37.7800749, 24.0570669, 37.7804989, 24.0571668, 37.7810859, 24.0572876, 37.7814094, 24.0573482, 37.7822007, 24.0574637, 37.7825171, 24.0574844, 37.7829247, 24.0575064, 37.783392, 24.0575273
65, 32050374, 6, 37.7839393, 24.0575325, 37.7843753, 24.0575282, 37.784778, 24.0575041, 37.7854969, 24.05745, 37.7859771, 24.0573933, 37.7875145, 24.0571651
66, 32050374, 4, 37.7883805, 24.0570441, 37.7889645, 24.0569649, 37.7901823, 24.0567997, 37.7908081, 24.0566994
67, 32050374, 3, 37.7915293, 24.0565907, 37.7918264, 24.0565003, 37.7919557, 24.0564464
68, 32078124, 2, 38.0117854, 23.6665196, 38.0117419, 23.6665996
69, 32078384, 5, 38.0119238, 23.6666635, 38.0119898, 23.6665309, 38.0120528, 23.6663965, 38.0121055, 23.6662811, 38.0122061, 23.6660455
70, 32078385, 2, 38.012707, 23.6389051, 38.0126628, 23.6390732
71, 32078385, 3, 38.012446, 23.6398961, 38.0123212, 23.6403703, 38.0122704, 23.6405632
72, 32079450, 7, 38.0238032, 23.5988214, 38.0233231, 23.5989244, 38.022816, 23.5990017, 38.0217235, 23.5990893, 38.0210513, 23.5990789, 38.0203007, 23.5990277, 38.0190864, 23.5988747
73, 32079450, 18, 38.0173138, 23.5986321, 38.0167884, 23.5985733, 38.0164413, 23.5985493, 38.0162467, 23.598548, 38.0160305, 23.5985536, 38.0158534, 23.5985724, 38.0156633, 23.5986102, 38.0154897, 23.5986609, 38.0153267, 23.5987202, 38.0151495, 23.5988033, 38.0149959, 23.5988889, 38.014848, 23.5989889, 38.0146546, 23.5991551, 38.0143887, 23.5994108, 38.0140904, 23.5997599, 38.013797, 23.600206, 38.013582, 23.6006807, 38.0134279, 23.6011218
74, 32079450, 3, 38.0133036, 23.6015918, 38.0131552, 23.6021637, 38.0129771, 23.6030604
75, 44636304, 2, 38.0110838, 23.6457483, 38.0109209, 23.6456828
76, 45017531, 3, 38.0066131, 23.6743041, 38.0065757, 23.6743613, 38.0061944, 23.674931
77, 45017531, 3, 38.0058081, 23.6755036, 38.0056866, 23.6756882, 38.0049954, 23.6767284
78, 45017531, 4, 38.0041055, 23.6780677, 38.0038018, 23.6785458, 38.0037002, 23.6787319, 38.0035433, 23.6790639
79, 46517395, 2, 38.0238804, 23.5989348, 38.0258344, 23.5984885
80, 46517395, 7, 38.0275314, 23.5981194, 38.0282278, 23.5979735, 38.0283994, 23.5979301, 38.0284353, 23.5979194, 38.0286374, 23.5978515, 38.0290498, 23.5977228, 38.0294718, 23.5975272
81, 46945309, 4, 37.9651774, 23.7884496, 37.9652941, 23.7886967, 37.9654665, 23.7889949, 37.9656165, 23.7892071
82, 46945310, 3, 37.9656165, 23.7892071, 37.9658453, 23.7894538, 37.9660683, 23.7896433
83, 46945311, 4, 37.9656354, 23.7890746, 37.9654554, 23.7887881, 37.9652869, 23.7884575, 37.9652113, 23.7882652
84, 46945312, 13, 37.9652113, 23.7882652, 37.9651165, 23.787991, 37.9650502, 23.7876567, 37.9650096, 23.7872566, 37.9650103, 23.7868471, 37.9650431, 23.7859756, 37.9650528, 23.7855426, 37.965034, 23.7852178, 37.9649868, 23.7848797, 37.9649168, 23.7845535, 37.9647984, 23.7842124, 37.9646612, 23.7839204, 37.964468, 23.7835997
85, 46945312, 13, 37.9641779, 23.7831306, 37.9639491, 23.7827547, 37.963821, 23.7824894, 37.963707, 23.7821825, 37.9636076, 23.7818182, 37.9634305, 23.780931, 37.963341, 23.7805274, 37.963208, 23.7801204, 37.9630543, 23.779798, 37.9628924, 23.7795448, 37.9621596, 23.778751, 37.9620264, 23.7785941, 37.9618711, 23.778377
86, 46945312, 2, 37.9617481, 23.7781586, 37.9615253, 23.7776187
87, 46945314, 3, 37.9743742, 23.7925444, 37.9745034, 23.7922547, 37.9747681, 23.7916152
88, 46945314, 3, 37.9749167, 23.7912589, 37.9750669, 23.7909375, 37.9752144, 23.7906836
89, 46945348, 11, 37.9529123, 23.7694841, 37.9529691, 23.7695544, 37.9531205, 23.7698007, 37.9532323, 23.7700215, 37.9533306, 23.770232, 37.9535085, 23.7706837, 37.9538468, 23.7716773, 37.9540115, 23.7721273, 37.9541783, 23.7724632, 37.9544003, 23.7728188, 37.9549403, 23.7736421
90, 46945348, 5, 37.9553711, 23.7742918, 37.9555105, 23.7744798, 37.9556304, 23.7746269, 37.9557952, 23.7747937, 37.9559342, 23.7749021
91, 50303223, 8, 37.7919557, 24.0564464, 37.7921106, 24.0563752, 37.7923456, 24.0562851, 37.7925968, 24.0561536, 37.7928715, 24.0559606, 37.7930762, 24.0558096, 37.7933317, 24.0555964, 37.793354, 24.0555753
92, 50303223, 4, 37.7936614, 24.0552842, 37.7938969, 24.054986, 37.794169, 24.0546249, 37.7943572, 24.0543369
93, 50303223, 10, 37.794374, 24.0543112, 37.7949641, 24.053328, 37.7958731, 24.0518368, 37.796213, 24.0511046, 37.7964911, 24.0507784, 37.7967488, 24.0505295, 37.7969591, 24.0503321, 37.7972372, 24.0501347, 37.7975288, 24.049963, 37.7978408, 24.0498085
94, 50303223, 10, 37.7982002, 24.0496712, 37.7985054, 24.0495596, 37.7994481, 24.049285, 37.7998279, 24.0491476, 37.8002823, 24.0489588, 37.8006824, 24.0487528, 37.8010351, 24.0485211, 37.8012996, 24.0483237, 37.8016387, 24.0480318, 37.8017211, 24.0479497
95, 50303223, 9, 37.8018699, 24.0478014, 37.8021821, 24.0473888, 37.8024525, 24.0469418, 37.8026831, 24.0465298, 37.8028458, 24.0461264, 37.8029883, 24.0456801, 37.8030832, 24.0453539, 37.8031646, 24.0449248, 37.8032095, 24.0446767
96, 50303223, 4, 37.8032392, 24.0445128, 37.8032799, 24.0441695, 37.8033002, 24.043706, 37.8033052, 24.0429562
97, 50303223, 3, 37.803307, 24.042676, 37.8033096, 24.042484, 37.8033136, 24.0421822
98, 50303223, 3, 37.8033206, 24.0416632, 37.8033273, 24.0396376, 37.8033409, 24.0385218
99, 50303223, 4, 37.8033409, 24.0378266, 37.8033273, 24.0370799, 37.8032934, 24.0362645, 37.8032527, 24.035595
100, 50303223, 3, 37.8031374, 24.0338011, 37.8028407, 24.0299059, 37.8027373, 24.0285483
101, 50303223, 3, 37.8025813, 24.0265656, 37.8025115, 24.0257252, 37.8022396, 24.02245
102, 50303223, 1, 37.8021829, 24.0217667
103, 85705624, 2, 37.7534141, 24.0543459, 37.7527318, 24.0537546
104, 87886469, 13, 37.9734334, 23.7934781, 37.9731415, 23.7935927, 37.9728095, 23.793641, 37.9726277, 23.7936517, 37.9724296, 23.79364, 37.9722907, 23.7936143, 37.9721473, 23.7935619, 37.9719993, 23.7934856, 37.9718461, 23.7933842, 37.9717099, 23.7932685, 37.9715699, 23.7931255, 37.9714326, 23.7929566, 37.9712486, 23.792684
105, 87886471, 8, 37.9706896, 23.7918598, 37.9705071, 23.7916164, 37.9704023, 23.7914914, 37.9702948, 23.7913693, 37.9701707, 23.7912395, 37.9700263, 23.7910986, 37.9698585, 23.7909485, 37.9697218, 23.7908196
106, 87886472, 7, 37.9697218, 23.7908196, 37.969616, 23.7907318, 37.9693163, 23.7905245, 37.9689866, 23.7903487, 37.9686367, 23.7902077, 37.968197, 23.7900774, 37.9678692, 23.7900228
107, 87886473, 22, 37.9710342, 23.7926359, 37.9713586, 23.7930807, 37.9714831, 23.7932324, 37.9716418, 23.7933924, 37.9718008, 23.7935276, 37.9719354, 23.7936174, 37.9720981, 23.7937031, 37.9722765, 23.7937657, 37.9724466, 23.7938035, 37.9726232, 23.7938109, 37.9727918, 23.7938113, 37.9730174, 23.793772, 37.9731682, 23.7937405, 37.9733006, 23.7936957, 37.973476, 23.7936193, 37.9736411, 23.793527, 37.9737876, 23.7934009, 37.9739261, 23.79326, 37.974058, 23.7931012, 37.9741687, 23.7929399, 37.974281, 23.7927484, 37.9743742, 23.7925444
108, 91902757, 2, 38.0487673, 23.5559253, 38.0485391, 23.5554092
109, 91902758, 2, 38.0484698, 23.5554597, 38.0486979, 23.5559755
110, 91902759, 2, 38.0486979, 23.5559755, 38.0492749, 23.5572668
111, 91902759, 9, 38.0494801, 23.5577174, 38.0496832, 23.5582522, 38.0498218, 23.558662, 38.0499264, 23.5590357, 38.0500132, 23.5594414, 38.0500785, 23.559801, 38.0501265, 23.5602871, 38.0501414, 23.5609904, 38.0501031, 23.5616093
112, 91902759, 2, 38.0500111, 23.5629131, 38.0499307, 23.5640018
113, 92035991, 2, 38.0473773, 23.5529804, 38.04782, 23.5540015
114, 114055389, 10, 38.0133919, 23.6366854, 38.0134477, 23.6364556, 38.013497, 23.6362235, 38.01354, 23.6359893, 38.0135764, 23.6357534, 38.0136225, 23.6353587, 38.0136446, 23.6350707, 38.0136571, 23.6347817, 38.01366, 23.6344924, 38.0136533, 23.6342032
115, 115615620, 3, 37.9605659, 23.7755114, 37.9606625, 23.7757322, 37.9610379, 23.7766589
116, 115615620, 12, 37.9614872, 23.7778157, 37.9616363, 23.7781514, 37.9617682, 23.7784093, 37.9619139, 23.7786304, 37.9621257, 23.7788735, 37.9624703, 23.7792273, 37.9627517, 23.7795369, 37.9629443, 23.7798139, 37.9631082, 23.7801564, 37.9632212, 23.7804684, 37.9633367, 23.7809235, 37.963456, 23.7815319
117, 115615620, 13, 37.9635615, 23.7820398, 37.9636745, 23.7823845, 37.9637982, 23.7827281, 37.963901, 23.7829507, 37.964027, 23.7831627, 37.9644993, 23.7838523, 37.9646522, 23.7841436, 37.9647772, 23.7844691, 37.9648662, 23.784782, 37.964917, 23.7850977, 37.964946, 23.7854652, 37.9649432, 23.7858147, 37.9649071, 23.7867742
118, 115615620, 5, 37.9649105, 23.7872269, 37.9649367, 23.7875356, 37.9649845, 23.7878164, 37.9650639, 23.7881291, 37.9651774, 23.7884496
119, 115615630, 2, 37.9607143, 23.7756691, 37.9606189, 23.7754666
120, 115615630, 15, 37.960551, 23.7753237, 37.9605082, 23.7752495, 37.9604655, 23.7751753, 37.9603489, 23.7750145, 37.9602379, 23.7748573, 37.9601065, 23.7746917, 37.959918, 23.7745477, 37.959695, 23.7744267, 37.9594466, 23.7743374, 37.9592135, 23.7742711, 37.9589822, 23.774236, 37.9587322, 23.7742424, 37.9585157, 23.774276, 37.9582703, 23.7743328, 37.9575811, 23.7746877
121, 115615630, 9, 37.9572599, 23.774851, 37.9570822, 23.7749301, 37.9569257, 23.7749684, 37.9567114, 23.7749729, 37.9565096, 23.774961, 37.9563791, 23.7749439, 37.9562339, 23.7748971, 37.9561208, 23.7748492, 37.9560357, 23.7747986
122, 115615656, 6, 37.9559573, 23.7747532, 37.9558456, 23.7746632, 37.9557311, 23.7745459, 37.9556498, 23.7744434, 37.9554342, 23.7741476, 37.955398, 23.774093
123, 115615656, 11, 37.9549471, 23.773413, 37.9544796, 23.7727039, 37.9542609, 23.7723392, 37.9541415, 23.7721057, 37.9539744, 23.7716867, 37.9536326, 23.7706821, 37.9533809, 23.7699943, 37.9532728, 23.7697582, 37.953175, 23.7695982, 37.9529646, 23.7693197, 37.9528907, 23.7692395
124, 115808275, 8, 37.8865124, 23.9238999, 37.8863327, 23.9240121, 37.8861104, 23.9241199, 37.8858859, 23.9242268, 37.8854998, 23.9243921, 37.8852551, 23.9244901, 37.8850059, 23.9246106, 37.8848518, 23.9246926
125, 117953690, 2, 37.8059444, 23.9903331, 37.8057158, 23.9905032
126, 117953691, 11, 37.8057158, 23.9905032, 37.8050905, 23.9909373, 37.8047176, 23.9912463, 37.8044056, 23.9915209, 37.8041276, 23.9917612, 37.8038766, 23.991993, 37.8035419, 23.9923762, 37.8032256, 23.9927483, 37.8029408, 23.9931174, 37.8026695, 23.9934864, 37.8024254, 23.9938555
127, 117953691, 3, 37.8022287, 23.9941731, 37.8019337, 23.994691, 37.8016527, 23.9952355
128, 117953691, 4, 37.8015738, 23.9953883, 37.8012831, 23.9959638, 37.8011185, 23.9963014, 37.8009662, 23.9966278
129, 157701545, 3, 37.9420509, 23.9499463, 37.9421888, 23.9500938, 37.9425316, 23.9504069
130, 157701547, 9, 37.9423116, 23.9492223, 37.9422338, 23.9491747, 37.9420765, 23.9491054, 37.9419608, 23.9490568, 37.9418212, 23.9489872, 37.9417361, 23.9489296, 37.9416479, 23.9488732, 37.9415373, 23.9487963, 37.9413221, 23.9486147
131, 157701547, 1, 37.9383443, 23.9457946
132, 184921018, 2, 37.999788, 23.6885964, 37.9996791, 23.6888266
133, 184921018, 3, 37.9996218, 23.6889482, 37.9994957, 23.6892044, 37.9994264, 23.6893351
134, 184921018, 2, 37.9992598, 23.6896472, 37.9990935, 23.6899157
135, 184921021, 2, 37.9991874, 23.6901301, 37.9993244, 23.689907
136, 184921021, 4, 37.9994489, 23.6897043, 37.9995969, 23.6894244, 37.9997217, 23.6891718, 37.9998172, 23.6889617
137, 184970284, 3, 37.9986187, 23.6986724, 37.9987096, 23.6988789, 37.9990285, 23.6995785
138, 184970284, 1, 37.9993458, 23.7002898
139, 188896069, 2, 37.8020627, 24.0216059, 37.8020773, 24.0217816
140, 188896074, 2, 37.8021829, 24.0217667, 37.8021668, 24.0215734
141, 188896084, 2, 37.8021668, 24.0215734, 37.8019455, 24.018908
142, 188896084, 3, 37.8019371, 24.0188065, 37.8018724, 24.0179087, 37.801813, 24.0172349
143, 188896084, 4, 37.8017605, 24.0165837, 37.8017096, 24.0159753, 37.8016113, 24.0146096, 37.8016019, 24.0145127
144, 188896084, 4, 37.8013561, 24.0119869, 37.8011407, 24.0106601, 37.8010317, 24.0100462, 37.8009731, 24.0097707
145, 188896084, 8, 37.8009505, 24.0096641, 37.8004961, 24.007763, 37.8003003, 24.0069374, 37.8000873, 24.0057187, 37.7999923, 24.0050835, 37.7999381, 24.004517, 37.7998974, 24.0037617, 37.7998974, 24.0031094
146, 188896084, 9, 37.7999177, 24.0023541, 37.7999584, 24.0016674, 37.8000263, 24.0009808, 37.8001144, 24.0003199, 37.8002229, 23.9996247, 37.8003721, 23.998938, 37.8005688, 23.9982514, 37.8007172, 23.9977042, 37.8008842, 23.9971549
147, 188896084, 2, 37.801062, 23.9966964, 37.8011495, 23.9964908
148, 188896093, 10, 37.8031852, 24.0439798, 37.8031458, 24.0444841, 37.8030503, 24.044988, 37.8029452, 24.0454518, 37.8027645, 24.0460234, 37.802561, 24.0465298, 37.802283, 24.0470362, 37.8020117, 24.0474654, 37.801659, 24.0478344, 37.8012725, 24.0481778
149, 188896093, 4, 37.8007435, 24.0485554, 37.8002891, 24.0488301, 37.7998415, 24.0490275, 37.7992989, 24.049182
150, 188896093, 10, 37.798363, 24.0494395, 37.7978408, 24.0496283, 37.7975288, 24.0497828, 37.7971965, 24.0499888, 37.7968234, 24.0502634, 37.7965589, 24.0505295, 37.7962741, 24.0508299, 37.7960164, 24.0511733, 37.7957196, 24.0518508, 37.7951671, 24.0527727
151, 188896093, 11, 37.7946847, 24.0535548, 37.794304, 24.0542009, 37.7940832, 24.0545425, 37.7937817, 24.0549346, 37.7935148, 24.0552433, 37.7932447, 24.0554931, 37.7929979, 24.055685, 37.7925653, 24.0559913, 37.7921525, 24.0562274, 37.7921174, 24.0562438, 37.7918344, 24.0563526
152, 216244262, 2, 37.8210454, 23.965601, 37.8203151, 23.9665713
153, 216244262, 6, 37.8191676, 23.9680548, 37.8187879, 23.9685612, 37.8184421, 23.9690333, 37.8181709, 23.9694195, 37.81792, 23.9698058, 37.8176895, 23.9701834
154, 216244262, 5, 37.8174725, 23.9705353, 37.8172623, 23.9709044, 37.8170928, 23.971222, 37.8168758, 23.9716855, 37.8166521, 23.972209
155, 216244262, 2, 37.815296, 23.9754963, 37.8118635, 23.9834657
156, 216244263, 2, 37.8255079, 23.9599233, 37.8283198, 23.9562769
157, 216244263, 3, 37.8295196, 23.9547079, 37.830709, 23.9532047, 37.8308255, 23.9530557
158, 217639985, 2, 38.0130743, 23.6031161, 38.0132873, 23.6021855
159, 217639985, 12, 38.0134092, 23.6016414, 38.013518, 23.6012431, 38.0137455, 23.6006104, 38.0138108, 23.6004743, 38.0139667, 23.6001693, 38.014133, 23.5999175, 38.0143639, 23.5996254, 38.0145546, 23.5994165, 38.0147317, 23.5992524, 38.0150292, 23.599055, 38.0153809, 23.5988833, 38.0155464, 23.5988273
160, 217639985, 5, 38.0156852, 23.5987803, 38.0160097, 23.5987202, 38.0163884, 23.5987117, 38.0166657, 23.5987374, 38.0169023, 23.5987632
161, 217639985, 4, 38.0184711, 23.5989434, 38.019176, 23.5990329, 38.0196206, 23.5990893, 38.0202392, 23.5991401
162, 217639985, 5, 38.0207701, 23.5991837, 38.0215882, 23.5992009, 38.0226633, 23.5991408, 38.0232178, 23.5990636, 38.0238804, 23.5989348
163, 217639986, 2, 38.0123182, 23.6161884, 38.0122795, 23.6159273
164, 217639986, 13, 38.0121384, 23.6149745, 38.0118626, 23.6131218, 38.0117411, 23.6122752, 38.0116717, 23.6117279, 38.0116532, 23.6115582, 38.0116313, 23.6113322, 38.0116139, 23.6109858, 38.0116059, 23.6107767, 38.0116186, 23.6103347, 38.0116609, 23.6098997, 38.0117261, 23.6094495, 38.011805, 23.6089897, 38.0118917, 23.6085744
165, 217639986, 1, 38.0121681, 23.607263
166, 217639987, 3, 38.0317602, 23.5960045, 38.0314367, 23.5961904, 38.0311153, 23.5963822
167, 217639988, 3, 38.0129771, 23.6030604, 38.0126137, 23.6046775, 38.0124957, 23.6052649
168, 217639989, 5, 38.0132891, 23.6366962, 38.0132011, 23.6369761, 38.0131367, 23.6371967, 38.0130762, 23.6374192, 38.0130197, 23.6376433
169, 217640482, 2, 38.0496213, 23.5578546, 38.0493884, 23.5573264
170, 217640482, 1, 38.0491085, 23.556679
171, 217640539, 2, 38.0490734, 23.5707664, 38.0489114, 23.5712747
172, 217640540, 4, 38.0491465, 23.5708115, 38.0492972, 23.5703585, 38.0494195, 23.569876, 38.0494767, 23.5696207
173, 217640824, 2, 38.0491085, 23.556679, 38.0487673, 23.5559253
174, 220049066, 3, 37.9998172, 23.6889617, 37.999902, 23.6887177, 38.0003078, 23.6878689
175, 223079973, 6, 37.8678623, 23.929212, 37.8681411, 23.9291427, 37.8684087, 23.92912, 37.8686728, 23.9291326, 37.868909, 23.9291634, 37.8691056, 23.929235
176, 223079973, 4, 37.8692943, 23.9293037, 37.8694963, 23.9294063, 37.8697725, 23.9295615, 37.8704478, 23.9299934
177, 223079973, 5, 37.8714778, 23.9306408, 37.8718529, 23.9308915, 37.8720764, 23.9309945, 37.8723188, 23.9310585, 37.8726949, 23.9311971
178, 223079974, 2, 37.8673326, 23.9292384, 37.8647401, 23.9303412
179, 223079974, 4, 37.8632477, 23.9309687, 37.86257, 23.9311745, 37.8622222, 23.9312827, 37.8614255, 23.931504
180, 224839494, 3, 37.9712486, 23.792684, 37.9708789, 23.7921263, 37.9706896, 23.7918598
181, 229732888, 3, 38.0033191, 23.6795766, 38.0032527, 23.6797639, 38.0031828, 23.6799645
182, 229732889, 7, 38.0034754, 23.6797115, 38.0035576, 23.679497, 38.0036826, 23.6792123, 38.0037503, 23.6790676, 38.0038669, 23.6788506, 38.0040638, 23.6785297, 38.004204, 23.6783097
183, 229732889, 5, 38.0043927, 23.6780136, 38.004769, 23.6774273, 38.0051368, 23.676871, 38.0052559, 23.6766848, 38.0059969, 23.6756008
184, 229732889, 3, 38.0063636, 23.675066, 38.0064243, 23.6749695, 38.006471, 23.674893
185, 234895068, 2, 37.7523811, 24.0536257, 37.7526239, 24.053822
186, 234895071, 2, 37.7527318, 24.0537546, 37.7524967, 24.0535433
187, 234895074, 2, 37.7524967, 24.0535433, 37.7518231, 24.0529671
188, 234895074, 3, 37.7514311, 24.0526302, 37.7510501, 24.0523036, 37.7505948, 24.0519629
189, 234895074, 3, 37.7499229, 24.0514737, 37.7490746, 24.0508728, 37.7483552, 24.0503579
190, 234895074, 3, 37.7473847, 24.0496884, 37.7451247, 24.0481606, 37.7426999, 24.046507
191, 234895074, 7, 37.7426153, 24.0464493, 37.7420908, 24.0460663, 37.7416971, 24.045826, 37.7413103, 24.0456286, 37.7409709, 24.0454913, 37.7406044, 24.0453625, 37.7401081, 24.0452394
192, 234895078, 2, 37.7526239, 24.053822, 37.7529499, 24.0541077
193, 234895078, 1, 37.7533283, 24.0544404
194, 272488977, 2, 37.9615253, 23.7776187, 37.9608075, 23.7758986
195, 272488979, 2, 37.9705906, 23.7920086, 37.9707629, 23.7922529
196, 272488979, 1, 37.9710342, 23.7926359
197, 272488980, 2, 37.9608075, 23.7758986, 37.9607143, 23.7756691
198, 272488981, 4, 37.9660683, 23.7896433, 37.9662716, 23.7897739, 37.9665074, 23.7898961, 37.9668229, 23.7900003
199, 272488981, 2, 37.9669463, 23.7900416, 37.9672061, 23.7901009
200, 272488982, 7, 37.9594678, 23.7744749, 37.9597247, 23.7745872, 37.9599112, 23.7747043, 37.9600826, 23.7748305, 37.9602407, 23.7749954, 37.9604207, 23.775236, 37.9605659, 23.7755114
201, 272488983, 8, 37.9672061, 23.7901009, 37.9678079, 23.7902384, 37.9685945, 23.7904047, 37.9690282, 23.7905764, 37.9694477, 23.7908427, 37.9697869, 23.7911055, 37.9702402, 23.7915708, 37.9705906, 23.7920086
202, 272488984, 9, 37.9678692, 23.7900228, 37.9676643, 23.7899887, 37.9673723, 23.7899326, 37.9668313, 23.7898397, 37.9665574, 23.7897581, 37.9663, 23.7896435, 37.9661008, 23.7895143, 37.9658587, 23.7893204, 37.9656354, 23.7890746
203, 291932663, 18, 37.7273117, 24.0526946, 37.7277388, 24.0527318, 37.7280776, 24.0527753, 37.7283623, 24.0528621, 37.728701, 24.0530484, 37.7290263, 24.0532017, 37.7291908, 24.0532544, 37.7293724, 24.0532948, 37.7295958, 24.0533227, 37.7298216, 24.0533134, 37.729991, 24.0532854, 37.7302806, 24.0532017, 37.7305212, 24.0530899, 37.7308231, 24.0528828, 37.7309567, 24.0527621, 37.7310643, 24.0526305, 37.7311777, 24.0524816, 37.7315259, 24.0519455
204, 291932663, 6, 37.7315866, 24.0518525, 37.7316584, 24.0517491, 37.7319116, 24.0513683, 37.732108, 24.0510562, 37.7328747, 24.0497529, 37.7335166, 24.0487972
205, 291932663, 2, 37.7338777, 24.048271, 37.7343288, 24.0477358
206, 291932666, 5, 37.725019, 24.051975, 37.7250427, 24.0519379, 37.7250567, 24.0518936, 37.7250598, 24.051846, 37.7250516, 24.0517994
207, 291932670, 6, 37.7250516, 24.0517994, 37.7250329, 24.0517579, 37.7250054, 24.0517253, 37.7249715, 24.0517043, 37.7249342, 24.0516969, 37.7248969, 24.0517037
208, 291932672, 6, 37.7248232, 24.0519365, 37.7248468, 24.0519736, 37.7248778, 24.0520008, 37.7249138, 24.0520151, 37.7249515, 24.0520154, 37.7249877, 24.0520016
209, 291932674, 7, 37.7248969, 24.0517037, 37.7248628, 24.0517242, 37.7248349, 24.0517564, 37.7248159, 24.0517976, 37.7248072, 24.051844, 37.7248098, 24.0518916, 37.7248232, 24.0519365
210, 300924590, 4, 38.0028904, 23.6808507, 38.0027296, 23.6813946, 38.0025753, 23.6818352, 38.0024075, 23.682291
211, 300924591, 4, 38.0030924, 23.6808232, 38.0033939, 23.6799479, 38.0034233, 23.6798515, 38.0034754, 23.6797115
212, 300928453, 4, 38.0116347, 23.667134, 38.0117508, 23.6669567, 38.0117855, 23.6668956, 38.0118788, 23.6667399
213, 301035608, 3, 38.0118754, 23.6540219, 38.011952, 23.6543017, 38.0120007, 23.6544744
214, 301035608, 4, 38.0121067, 23.6548465, 38.0122231, 23.6552214, 38.0122842, 23.6554731, 38.0123321, 23.6557104
215, 301035915, 2, 38.010713, 23.6480731, 38.0109001, 23.6469386
216, 301035915, 4, 38.0109372, 23.6467186, 38.011, 23.6463213, 38.0110693, 23.6458963, 38.0110838, 23.6457483
217, 302229741, 2, 38.0125109, 23.662716, 38.0125148, 23.6629549
218, 302229741, 10, 38.0125175, 23.6631251, 38.012522, 23.6633988, 38.0125311, 23.6639833, 38.0125201, 23.6642324, 38.0124893, 23.664486, 38.0124496, 23.6647205, 38.0123935, 23.664941, 38.0123375, 23.6651257, 38.01228, 23.6652926, 38.0121858, 23.6655485
219, 302229743, 2, 38.0126646, 23.6612584, 38.0126608, 23.6610219
220, 302229743, 1, 38.0126592, 23.6609166
221, 302297427, 2, 38.0126803, 23.6626608, 38.0126793, 23.6624429
222, 302297427, 1, 38.0126787, 23.6622971
223, 302298809, 4, 38.0122061, 23.6660455, 38.0123401, 23.6657202, 38.0124087, 23.6655445, 38.0124778, 23.6653502
224, 302298809, 7, 38.0125311, 23.6652012, 38.0125687, 23.6650657, 38.0126019, 23.6649135, 38.0126346, 23.6647513, 38.0126732, 23.6645172, 38.0127007, 23.6642375, 38.0127043, 23.6640305
225, 302298810, 2, 38.0097789, 23.6695741, 38.0096614, 23.6697502
226, 302298810, 4, 38.0088429, 23.6709768, 38.0084555, 23.6715514, 38.0082926, 23.6718094, 38.0080962, 23.6720998
227, 302298810, 1, 38.0077284, 23.6726436
228, 302364111, 4, 38.0119542, 23.6661358, 38.0118717, 23.6663327, 38.0118351, 23.6664133, 38.0117854, 23.6665196
229, 303765269, 2, 38.0124804, 23.6404641, 38.0126412, 23.6398457
230, 303765269, 3, 38.0128084, 23.6391972, 38.0128226, 23.6391421, 38.0128579, 23.6390053
231, 303845890, 2, 38.0118788, 23.6667399, 38.0119238, 23.6666635
232, 303846589, 2, 38.0109209, 23.6456828, 38.0108552, 23.6461428
233, 303846589, 3, 38.0107431, 23.6468665, 38.0105541, 23.6479885, 38.0105203, 23.6484314
234, 303846589, 11, 38.0105069, 23.6486026, 38.0105032, 23.6486509, 38.0104947, 23.6488092, 38.0105027, 23.6490708, 38.0105196, 23.6493262, 38.0105363, 23.6496899, 38.0105572, 23.6498415, 38.0105845, 23.6499779, 38.0106276, 23.650156, 38.0106756, 23.6503205, 38.0109808, 23.6512749
235, 303846589, 2, 38.0111535, 23.6518366, 38.0117595, 23.653674
236, 303908336, 2, 38.0127645, 23.6044925, 38.0130743, 23.6031161
237, 303944114, 4, 38.0405693, 23.5888583, 38.0408206, 23.5884466, 38.0410816, 23.5880447, 38.0413518, 23.5876527
238, 307919250, 2, 37.9383443, 23.9457946, 37.9375192, 23.9449826
239, 307919250, 1, 37.9365747, 23.94408
240, 313311218, 2, 37.8609716, 23.931651, 37.8606307, 23.9317554
241, 313311218, 3, 37.8575352, 23.9327197, 37.854716, 23.9334921, 37.8539452, 23.9336942
242, 313311218, 3, 37.8520323, 23.9341959, 37.8509141, 23.9344878, 37.8504871, 23.9346251
243, 313311218, 5, 37.8500669, 23.9347624, 37.8495382, 23.9350028, 37.849179, 23.9352087, 37.8488876, 23.935389, 37.84862, 23.9355797
244, 313311218, 5, 37.8467532, 23.9369094, 37.8457688, 23.9376008, 37.8438586, 23.9389424, 37.84354, 23.9391913, 37.8433028, 23.9393973
245, 313311218, 4, 37.8430045, 23.9396548, 37.8410651, 23.9414156, 37.8409183, 23.9415546, 37.8408574, 23.941607
246, 345009572, 2, 38.0120038, 23.6539726, 38.01181, 23.6533406
247, 345009572, 3, 38.0116867, 23.6529326, 38.0113701, 23.6519306, 38.0111312, 23.6511615
248, 345009572, 12, 38.0109682, 23.6506348, 38.0108352, 23.6502251, 38.0107696, 23.6499952, 38.0107388, 23.6498711, 38.0107125, 23.6497409, 38.010676, 23.6494803, 38.0106593, 23.6492842, 38.0106508, 23.6490798, 38.0106433, 23.6487821, 38.010653, 23.6485821, 38.0106754, 23.6483578, 38.010713, 23.6480731
249, 345021535, 3, 38.0117595, 23.653674, 38.0117993, 23.6537876, 38.0118754, 23.6540219
250, 345073479, 2, 38.0124935, 23.6616361, 38.012506, 23.6623927
251, 345073479, 2, 38.0125069, 23.6624488, 38.0125109, 23.662716
252, 348626594, 2, 37.9401856, 23.9481967, 37.9404774, 23.9484668
253, 348626671, 2, 37.840894, 23.941734, 37.8423539, 23.9404101
254, 348626671, 4, 37.8431875, 23.9396548, 37.8435807, 23.9393115, 37.8441568, 23.9388651, 37.8458068, 23.9377134
255, 348626671, 5, 37.8486978, 23.9356722, 37.8493078, 23.9352688, 37.8498093, 23.9349856, 37.8503786, 23.934771, 37.8510225, 23.9345822
256, 348626671, 4, 37.8525541, 23.9341702, 37.8546669, 23.9336335, 37.8550549, 23.933535, 37.856212, 23.9332135
257, 348626671, 3, 37.8569408, 23.933011, 37.8577113, 23.9327969, 37.8590853, 23.9323765
258, 348626671, 3, 37.8602821, 23.9319934, 37.8608715, 23.9318047, 37.8611492, 23.9317248
259, 348626680, 7, 37.8308255, 23.9530557, 37.8311525, 23.9526649, 37.8314486, 23.9523415, 37.83172, 23.9520549, 37.832449, 23.9514025, 37.8328378, 23.9510173, 37.8332931, 23.9505779
260, 348626680, 4, 37.8337249, 23.950169, 37.8340231, 23.9498171, 37.8344095, 23.9492421, 37.8352501, 23.9479031
261, 348626680, 7, 37.835912, 23.9468679, 37.8364025, 23.9461007, 37.8366601, 23.9457659, 37.8369583, 23.9454226, 37.8373854, 23.9449934, 37.837826, 23.9445643, 37.8389919, 23.9434828
262, 348626680, 3, 37.8406819, 23.9419285, 37.8407743, 23.9418443, 37.8408222, 23.9418027
263, 348626690, 3, 37.8614255, 23.931504, 37.8611029, 23.9316063, 37.8609716, 23.931651
264, 348626695, 3, 37.8611492, 23.9317248, 37.8631935, 23.931106, 37.8636407, 23.930943
265, 348626695, 1, 37.8672015, 23.9294675
266, 348626700, 4, 37.8730125, 23.9312699, 37.8733841, 23.9313206, 37.8736671, 23.9312939, 37.8737635, 23.9312691
267, 348626709, 2, 37.8325306, 23.9511526, 37.8321217, 23.951539
268, 348626709, 5, 37.8318728, 23.9517707, 37.831377, 23.952264, 37.8311463, 23.9525145, 37.8307556, 23.9529875, 37.8306842, 23.9530674
269, 354249683, 2, 37.7399636, 24.0453464, 37.7400934, 24.0453744
270, 354249685, 5, 37.7400934, 24.0453744, 37.740713, 24.0455513, 37.7413035, 24.0458003, 37.7418329, 24.0460749, 37.7426342, 24.0466132
271, 354249685, 3, 37.7434618, 24.0471821, 37.7458848, 24.0488215, 37.7483621, 24.050516
272, 354249685, 4, 37.7487081, 24.0507527, 37.7490793, 24.0510278, 37.7502487, 24.0518942, 37.7507644, 24.0522976
273, 354249685, 3, 37.7513548, 24.0527697, 37.751986, 24.0533019, 37.7523811, 24.0536257
274, 354249686, 2, 37.7401081, 24.0452394, 37.7399834, 24.0452131
275, 354249688, 4, 37.7399834, 24.0452131, 37.7397434, 24.0451641, 37.7392197, 24.0450879, 37.7388371, 24.0450867
276, 354586399, 13, 37.7366076, 24.0455101, 37.7367482, 24.0454462, 37.7368417, 24.0454081, 37.7369246, 24.0453794, 37.7370456, 24.0453466, 37.7371687, 24.045322, 37.73732, 24.0452974, 37.7380482, 24.0452264, 37.7383637, 24.0452154, 37.7388324, 24.0452064, 37.7390704, 24.0451994, 37.7395782, 24.0452793, 37.7399636, 24.0453464
277, 354586401, 2, 37.7366293, 24.0453679, 37.7365649, 24.0453971
278, 354586402, 2, 37.7358933, 24.0459146, 37.7353966, 24.0464671
279, 354586402, 2, 37.7349035, 24.0470031, 37.7342794, 24.0476628
280, 354586403, 2, 37.7343288, 24.0477358, 37.734949, 24.0470737
281, 354586403, 2, 37.7354471, 24.0465446, 37.735947, 24.0460159
282, 354586404, 5, 37.7388371, 24.0450867, 37.7383603, 24.0451013, 37.7380409, 24.0451226, 37.7373129, 24.0451864, 37.7371617, 24.0452028
283, 354586405, 5, 37.7365649, 24.0453971, 37.7364011, 24.0454881, 37.7362514, 24.0455905, 37.7360785, 24.0457341, 37.7358933, 24.0459146
284, 354586406, 6, 37.7371617, 24.0452028, 37.7370301, 24.0452265, 37.7369037, 24.0452593, 37.7368152, 24.045291, 37.7367174, 24.0453277, 37.7366293, 24.0453679
285, 354586407, 6, 37.735947, 24.0460159, 37.7361264, 24.0458394, 37.7363006, 24.0456984, 37.7364427, 24.0456037, 37.7365488, 24.0455428, 37.7366076, 24.0455101
286, 354586423, 7, 37.7342794, 24.0476628, 37.7338106, 24.0481907, 37.7334396, 24.0486996, 37.7334046, 24.0487491, 37.7316364, 24.0516004, 37.7315814, 24.0516821, 37.7315208, 24.0517748
287, 354586423, 18, 37.7311099, 24.0523956, 37.7309406, 24.0526098, 37.7307565, 24.052796, 37.7304767, 24.0530132, 37.7301649, 24.0531498, 37.729836, 24.0532181, 37.7296249, 24.0532305, 37.7293844, 24.053201, 37.7291942, 24.0531643, 37.7290346, 24.0531147, 37.7287253, 24.0529626, 37.7283817, 24.0527795, 37.7280796, 24.0526787, 37.7277671, 24.0526392, 37.7273193, 24.0526041, 37.7270624, 24.0525645, 37.7266459, 24.052468, 37.7263681, 24.0523539
288, 354586423, 5, 37.7255629, 24.051977, 37.7253346, 24.0518777, 37.725202, 24.0518405, 37.7251223, 24.0518234, 37.7250516, 24.0517994
289, 370771191, 5, 37.8009662, 23.9966278, 37.8008611, 23.996885, 37.8007411, 23.9972551, 37.8006273, 23.9976428, 37.8003976, 23.9985419
290, 370771191, 3, 37.8002077, 23.9992543, 37.8000585, 24.0000096, 37.8000507, 24.0000583
291, 370771191, 3, 37.7999636, 24.0006018, 37.7999025, 24.001091, 37.7998722, 24.0014086
292, 370771191, 4, 37.799855, 24.0015889, 37.7998076, 24.002121, 37.7997737, 24.0027132, 37.7997698, 24.0030654
293, 370771191, 5, 37.7997669, 24.0033226, 37.7997737, 24.0037861, 37.7998076, 24.0043354, 37.799855, 24.0048676, 37.7999472, 24.005526
294, 370771191, 3, 37.8000336, 24.0061263, 37.8002752, 24.0072485, 37.8004666, 24.0080508
295, 370771191, 3, 37.8005476, 24.0083906, 37.8006148, 24.0086722, 37.800867, 24.0096963
296, 370771191, 3, 37.8008929, 24.0098014, 37.80092, 24.0099114, 37.8011582, 24.0113019
297, 370771191, 3, 37.8012773, 24.0120781, 37.8013366, 24.0126875, 37.8015579, 24.0152748
298, 370771191, 3, 37.801659, 24.0165663, 37.8017181, 24.0172709, 37.8017811, 24.018034
299, 370771191, 2, 37.8019235, 24.0199309, 37.8020627, 24.0216059
300, 370771196, 9, 37.8015936, 23.9955938, 37.8020081, 23.994766, 37.8025966, 23.993771, 37.8029289, 23.9933161, 37.8032205, 23.9929385, 37.8035053, 23.9925951, 37.803763, 23.9923033, 37.8040207, 23.9920372, 37.8043462, 23.9917283
301, 370771196, 3, 37.8047192, 23.9914021, 37.8052414, 23.9909729, 37.8057187, 23.990642
302, 375921482, 2, 38.0003078, 23.6878689, 38.0012493, 23.6858841
303, 375921483, 3, 38.0002094, 23.6877966, 37.9999729, 23.6883016, 37.999788, 23.6885964
304, 375921485, 2, 38.0024075, 23.682291, 38.0017184, 23.6843406
305, 375921485, 1, 38.0014864, 23.6849986
306, 375921508, 3, 38.002512, 23.6823492, 38.0026379, 23.6820178, 38.002821, 23.6816075
307, 377307888, 3, 37.8306842, 23.9530674, 37.8302337, 23.9536178, 37.8294692, 23.9546045
308, 377307888, 3, 37.8281696, 23.9562907, 37.8266186, 23.9583273, 37.8254323, 23.9598481
309, 377307888, 1, 37.8247029, 23.9607952
310, 384601865, 3, 38.0294718, 23.5975272, 38.0300735, 23.5972112, 38.0302184, 23.5971128
311, 384601865, 1, 38.0303599, 23.5970167
312, 384601866, 5, 38.0303599, 23.5970167, 38.0305382, 23.5969041, 38.0308104, 23.596738, 38.0310455, 23.5966018, 38.0313344, 23.596445
313, 384601867, 7, 38.0297104, 23.5972455, 38.0293839, 23.5974156, 38.0291377, 23.5975254, 38.0288943, 23.5976198, 38.0285968, 23.5977142, 38.0280695, 23.5978601, 38.025186, 23.5985213
314, 384601867, 1, 38.0238032, 23.5988214
315, 384601872, 2, 38.0302836, 23.596892, 38.0297104, 23.5972455
316, 384601873, 2, 38.0303576, 23.5968425, 38.0302836, 23.596892
317, 384601875, 2, 38.0311153, 23.5963822, 38.0305197, 23.5967445
318, 384601875, 2, 38.0304857, 23.596765, 38.0303576, 23.5968425
319, 387480505, 2, 38.0126542, 23.660607, 38.0126516, 23.6603989
320, 387480505, 3, 38.0126482, 23.6601306, 38.0126478, 23.6601032, 38.0126469, 23.660041
321, 387480505, 6, 38.012644, 23.6598308, 38.0126407, 23.6596114, 38.0126319, 23.6590466, 38.0126098, 23.658304, 38.0126048, 23.6580075, 38.0126, 23.6578053
322, 387480506, 10, 38.0125834, 23.6565621, 38.0125828, 23.656438, 38.0125751, 23.6562219, 38.0125678, 23.6561565, 38.0125491, 23.6559974, 38.0125264, 23.6558432, 38.0125088, 23.6557418, 38.0124608, 23.6554915, 38.0124201, 23.6553127, 38.0123671, 23.6551205
323, 387480507, 2, 38.0124777, 23.6603305, 38.0124787, 23.6606878
324, 387480508, 2, 38.0126592, 23.6609166, 38.0126542, 23.660607
325, 387480509, 2, 38.0113348, 23.6675955, 38.0116347, 23.667134
326, 387480510, 3, 38.0117419, 23.6665996, 38.0116431, 23.6667605, 38.0114628, 23.6670407
327, 387480511, 3, 38.0069333, 23.6738247, 38.0066817, 23.6741987, 38.0066131, 23.6743041
328, 387480512, 2, 38.0124787, 23.6606878, 38.0124866, 23.6612167
329, 387480513, 3, 38.0121858, 23.6655485, 38.0120632, 23.6658654, 38.0119542, 23.6661358
330, 387480514, 2, 38.0068402, 23.6743184, 38.0071909, 23.6737919
331, 387480514, 2, 38.0075447, 23.6732621, 38.0078778, 23.672766
332, 387480515, 2, 38.0092965, 23.6706397, 38.0096219, 23.6701535
333, 387480515, 2, 38.0097848, 23.6699144, 38.0099195, 23.669716
334, 387480516, 3, 38.0123671, 23.6551205, 38.0121061, 23.6543155, 38.0120853, 23.6542463
335, 387480516, 1, 38.0120038, 23.6539726
336, 387480517, 4, 38.0103959, 23.66865, 38.0099693, 23.6693044, 38.0099389, 23.6693439, 38.0097789, 23.6695741
337, 387480518, 2, 38.0114628, 23.6670407, 38.0113815, 23.6671632
338, 387480518, 3, 38.0112473, 23.6673654, 38.0105788, 23.668373, 38.0103959, 23.66865
339, 387480519, 2, 38.006471, 23.674893, 38.0066361, 23.6746326
340, 387480519, 2, 38.0067234, 23.6744937, 38.0068402, 23.6743184
341, 387480520, 4, 38.0035433, 23.6790639, 38.003509, 23.6791362, 38.0033929, 23.6793919, 38.0033191, 23.6795766
342, 387480521, 2, 38.0077284, 23.6726436, 38.0073339, 23.6732297
343, 387480521, 2, 38.0070643, 23.6736303, 38.0069333, 23.6738247
344, 387480522, 2, 38.0126, 23.6578053, 38.0125921, 23.6572872
345, 387480522, 3, 38.0125873, 23.6570111, 38.0125886, 23.6568863, 38.0125834, 23.6565621
346, 387480523, 6, 38.0123321, 23.6557104, 38.0123672, 23.6559258, 38.0123885, 23.6561844, 38.0123955, 23.6563942, 38.0123969, 23.6564465, 38.0123997, 23.656568
347, 387480524, 3, 38.0127043, 23.6640305, 38.0126899, 23.663513, 38.0126841, 23.6630486
348, 387480524, 3, 38.0126836, 23.6630044, 38.0126841, 23.6629513, 38.0126803, 23.6626608
349, 387480525, 5, 38.0099195, 23.669716, 38.0100639, 23.6694917, 38.0101457, 23.6693712, 38.0102803, 23.669166, 38.0104781, 23.6688737
350, 387480525, 2, 38.0110501, 23.6680362, 38.0113348, 23.6675955
351, 387480526, 2, 38.0123997, 23.656568, 38.0124039, 23.6569051
352, 387480526, 3, 38.0124368, 23.658163, 38.0124535, 23.6589541, 38.0124619, 23.6593523
353, 387480526, 4, 38.0124733, 23.6598066, 38.0124745, 23.659962, 38.0124757, 23.6600445, 38.0124777, 23.6603305
354, 387480545, 2, 38.002821, 23.6816075, 38.0030924, 23.6808232
355, 387546891, 2, 37.8952006, 23.9128245, 37.8959451, 23.9116935
356, 387546891, 4, 37.8967353, 23.9104182, 37.8971601, 23.9097207, 37.8974979, 23.9091507, 37.8975968, 23.9089918
357, 387546891, 5, 37.8977526, 23.9087412, 37.8977738, 23.9087072, 37.8980429, 23.9083661, 37.8981598, 23.9081948, 37.8983843, 23.9079261
358, 387546960, 2, 37.8944393, 23.9140211, 37.8951546, 23.9128982
359, 387546960, 1, 37.8952006, 23.9128245
360, 387581096, 5, 37.9982929, 23.6914727, 37.9985481, 23.6910867, 37.9988884, 23.6905841, 37.998931, 23.6905174, 37.9991874, 23.6901301
361, 387581101, 5, 37.9990935, 23.6899157, 37.9990462, 23.6899884, 37.9987722, 23.6903921, 37.9985095, 23.6908079, 37.9983199, 23.6910904
362, 387683648, 2, 37.8020773, 24.0217816, 37.8021083, 24.0221552
363, 387683648, 3, 37.8022694, 24.0240937, 37.8025068, 24.0268832, 37.802778, 24.0305739
364, 387683648, 3, 37.8031035, 24.0346938, 37.8031552, 24.0355922, 37.803175, 24.0359367
365, 387683648, 3, 37.8031781, 24.0359898, 37.8032324, 24.0370455, 37.803233, 24.0370912
366, 387683648, 3, 37.803246, 24.0381098, 37.803212, 24.0404101, 37.8031852, 24.0439798
367, 388878152, 2, 37.9425882, 23.9494165, 37.9423116, 23.9492223
368, 389871607, 3, 37.9404774, 23.9484668, 37.9408518, 23.948836, 37.9420509, 23.9499463
369, 393574666, 17, 37.9559342, 23.7749021, 37.9560152, 23.7749462, 37.9561888, 23.7750317, 37.9563379, 23.775082, 37.9564856, 23.7751112, 37.9565984, 23.775123, 37.9567956, 23.7751271, 37.9569958, 23.7751, 37.9572143, 23.7750244, 37.9576347, 23.7747927, 37.9581025, 23.7745435, 37.958317, 23.7744561, 37.9585514, 23.7743961, 37.9588275, 23.7743719, 37.9590789, 23.7743885, 37.9592747, 23.7744184, 37.9594678, 23.7744749
370, 393574668, 2, 37.9560357, 23.7747986, 37.9559573, 23.7747532
371, 396985981, 2, 38.0313344, 23.596445, 38.0324413, 23.5957447
372, 396985981, 3, 38.0330853, 23.5953546, 38.033459, 23.595127, 38.0340459, 23.5947889
373, 396985981, 3, 38.0344668, 23.5945517, 38.0351185, 23.5941907, 38.0354145, 23.5940268
374, 396985981, 8, 38.0362933, 23.5935446, 38.0365323, 23.5934098, 38.0368547, 23.5931997, 38.0370111, 23.5930784, 38.0371669, 23.5929463, 38.0374233, 23.592694, 38.0377384, 23.5923593, 38.0380114, 23.5920517
375, 396985981, 3, 38.0385437, 23.591443, 38.0389197, 23.5910073, 38.0392107, 23.5906654
376, 396985982, 2, 38.0416376, 23.5869825, 38.0412587, 23.5875268
377, 396985983, 2, 38.0419993, 23.5864342, 38.0416376, 23.5869825
378, 396985984, 2, 38.0403333, 23.5892165, 38.0405693, 23.5888583
379, 396985986, 4, 38.0397781, 23.5897541, 38.0395313, 23.5900746, 38.039287, 23.59038, 38.0391352, 23.5905582
380, 396985986, 10, 38.0384653, 23.5913379, 38.0379438, 23.5919243, 38.037658, 23.5922385, 38.0373707, 23.5925464, 38.0370922, 23.5928126, 38.0369471, 23.5929387, 38.0367992, 23.5930547, 38.036483, 23.5932797, 38.0362511, 23.5934151, 38.0356345, 23.5937528
381, 396985986, 5, 38.0348375, 23.5941836, 38.0333955, 23.5950094, 38.0332951, 23.5950666, 38.0328304, 23.5953396, 38.0324999, 23.5955462
382, 396985986, 2, 38.0320756, 23.5958145, 38.0317602, 23.5960045
383, 396985987, 3, 38.040236, 23.589118, 38.0400468, 23.5893917, 38.0397781, 23.5897541
384, 396985988, 4, 38.0413518, 23.5876527, 38.0416151, 23.5872959, 38.0418694, 23.5869287, 38.0421117, 23.5865559
385, 396985990, 5, 38.0392107, 23.5906654, 38.0396302, 23.5901595, 38.0398692, 23.5898618, 38.040137, 23.5894979, 38.0403333, 23.5892165
386, 397776221, 2, 37.8678401, 23.929066, 37.8677445, 23.9290903
387, 397776222, 2, 37.8737635, 23.9312691, 37.8738359, 23.9312452
388, 397776223, 2, 37.8726949, 23.9311971, 37.8730125, 23.9312699
389, 397776224, 2, 37.8677663, 23.9292445, 37.8678623, 23.929212
390, 397776225, 3, 37.8677445, 23.9290903, 37.8674321, 23.9291959, 37.8673326, 23.9292384
391, 397776226, 4, 37.8683604, 23.9289858, 37.8682549, 23.9289907, 37.8679378, 23.929046, 37.8678401, 23.929066
392, 397776227, 4, 37.8672015, 23.9294675, 37.8675254, 23.929333, 37.8676924, 23.929269, 37.8677663, 23.9292445
393, 397776228, 2, 37.8865152, 23.9240613, 37.8865903, 23.9240049
394, 397817957, 2, 37.8981497, 23.9076575, 37.8978351, 23.9082718
395, 397817957, 4, 37.8975268, 23.9088659, 37.8973036, 23.909276, 37.8970929, 23.9096578, 37.8965984, 23.9104198
396, 397817957, 3, 37.8958675, 23.9115999, 37.8951505, 23.9126859, 37.8951168, 23.9127399
397, 397905735, 2, 37.8408574, 23.941607, 37.8407914, 23.9416663
398, 426866562, 10, 37.725019, 24.051975, 37.7250717, 24.0519431, 37.7251184, 24.0519245, 37.7251861, 24.051926, 37.7253215, 24.0519567, 37.7255298, 24.0520445, 37.7263703, 24.0524529, 37.7266445, 24.0525627, 37.7270646, 24.0526592, 37.7273117, 24.0526946
399, 426866563, 2, 37.7249877, 24.0520016, 37.725019, 24.051975
400, 426942772, 2, 37.8848518, 23.9246926, 37.884577, 23.9248488
401, 426942773, 2, 37.8211143, 23.9656812, 37.8247693, 23.9608765
402, 426942774, 2, 37.8247029, 23.9607952, 37.8210454, 23.965601
403, 426942775, 2, 37.8116584, 23.983921, 37.8116034, 23.9840357
404, 426942776, 2, 37.8116611, 23.9841581, 37.8117162, 23.984047
405, 426942777, 3, 37.8118635, 23.9834657, 37.8117243, 23.9837833, 37.8116584, 23.983921
406, 426942778, 2, 37.8114857, 23.9845445, 37.8116106, 23.9842697
407, 426942778, 1, 37.8116611, 23.9841581
408, 426942779, 3, 37.8247693, 23.9608765, 37.8252258, 23.9603092, 37.8255079, 23.9599233
409, 436581000, 2, 37.7680197, 24.0557134, 37.7680756, 24.0556852
410, 436581001, 2, 37.7533283, 24.0544404, 37.7539943, 24.0550182
411, 436581001, 10, 37.7545049, 24.0554686, 37.7548126, 24.0557209, 37.7552108, 24.0560384, 37.7555594, 24.0562966, 37.7558913, 24.0565278, 37.7562577, 24.056759, 37.7565901, 24.0569487, 37.7568954, 24.0571096, 37.7572384, 24.0572844, 37.7574232, 24.0573635
412, 436581001, 13, 37.7576795, 24.0574732, 37.7578887, 24.057551, 37.7580256, 24.057602, 37.7584035, 24.0577329, 37.7588417, 24.0578579, 37.7592317, 24.0579501, 37.7595648, 24.0580125, 37.7600704, 24.0580899, 37.7604774, 24.0581279, 37.760878, 24.0581532, 37.7614444, 24.05815, 37.76201, 24.0581182, 37.7623667, 24.0580731
413, 436581001, 6, 37.7625316, 24.0580523, 37.7629757, 24.0579718, 37.7633774, 24.0578804, 37.7638067, 24.0577605, 37.7642453, 24.0576116, 37.7645436, 24.0575025
414, 436581001, 4, 37.7647249, 24.0574362, 37.7651937, 24.0572251, 37.7658487, 24.0568976, 37.7665443, 24.056529
415, 436581001, 5, 37.7670534, 24.0562557, 37.7672983, 24.0561149, 37.7676446, 24.0559157, 37.7679327, 24.0557586, 37.7680197, 24.0557134
416, 436583817, 5, 37.8011495, 23.9964908, 37.8012654, 23.9962431, 37.8013693, 23.9960312, 37.80156, 23.9956584, 37.8015936, 23.9955938
417, 445035044, 2, 38.0031828, 23.6799645, 38.0028904, 23.6808507
418, 449149375, 3, 37.9526656, 23.769212, 37.9528002, 23.7693472, 37.9529123, 23.7694841
419, 451098738, 2, 38.04782, 23.5540015, 38.0484698, 23.5554597
420, 451098739, 3, 38.0485391, 23.5554092, 38.0483857, 23.5550447, 38.0478949, 23.5539412
421, 451098739, 2, 38.047661, 23.5534248, 38.0474519, 23.552926
422, 453981807, 2, 38.0124866, 23.6612167, 38.0124935, 23.6616361
423, 469651871, 2, 38.0124957, 23.6052649, 38.0122779, 23.6062621
424, 469651871, 4, 38.0122032, 23.6066237, 38.01209, 23.6071717, 38.0119506, 23.6079032, 38.0119253, 23.6080193
425, 469651871, 4, 38.0118116, 23.6085403, 38.0116512, 23.6093388, 38.0115585, 23.6099062, 38.0115475, 23.610021
426, 469651871, 6, 38.0115158, 23.6103525, 38.0115094, 23.6108502, 38.0115291, 23.6113264, 38.0115612, 23.6117175, 38.0116079, 23.612114, 38.0117224, 23.6128886
427, 469651871, 2, 38.0119231, 23.6142377, 38.012211, 23.6162174
428, 469652129, 2, 38.0121681, 23.607263, 38.0123291, 23.6065379
429, 469652129, 2, 38.0126771, 23.6048979, 38.0127645, 23.6044925
430, 469653811, 2, 38.0442593, 23.5819454, 38.0436271, 23.5832875
431, 469653817, 2, 38.045406, 23.5796234, 38.0442593, 23.5819454
432, 469653827, 2, 38.0443707, 23.5820348, 38.0449924, 23.5807715
433, 469653830, 2, 38.0449924, 23.5807715, 38.0453853, 23.579929
434, 469654764, 2, 38.0467012, 23.5769349, 38.0463095, 23.5777715
435, 469654764, 1, 38.0459704, 23.5784964
436, 469654765, 2, 38.0456662, 23.5791058, 38.045406, 23.5796234
437, 469654766, 2, 38.0439992, 23.582855, 38.0442215, 23.582345
438, 469654767, 2, 38.0489114, 23.5712747, 38.0487549, 23.5717659
439, 469654767, 1, 38.0484897, 23.5726012
440, 469654768, 2, 38.0484897, 23.5726012, 38.0483363, 23.5730517
441, 469654768, 6, 38.0482567, 23.5732842, 38.0481205, 23.5736634, 38.0479852, 23.5740194, 38.0478455, 23.5743767, 38.047597, 23.5749671, 38.0473732, 23.5754713
442, 469654768, 2, 38.0471366, 23.5759992, 38.0467012, 23.5769349
443, 469654769, 4, 38.0494767, 23.5696207, 38.0495402, 23.5693202, 38.0495966, 23.5690013, 38.0496353, 23.5687229
444, 469655737, 1, 38.0498078, 23.5666727
445, 469655737, 8, 38.0501977, 23.5614977, 38.050218, 23.5608626, 38.0501977, 23.5602446, 38.0501504, 23.5597897, 38.0500754, 23.5593224, 38.0499611, 23.5588553, 38.0498134, 23.5583527, 38.0496213, 23.5578546
446, 469655738, 2, 38.0499307, 23.5640018, 38.049895, 23.5644558
447, 469655738, 1, 38.0498443, 23.5650985
448, 469655739, 2, 38.0498443, 23.5650985, 38.0496976, 23.5670252
449, 469655739, 8, 38.0496479, 23.5677353, 38.0496031, 23.568245, 38.0495648, 23.5685877, 38.0494977, 23.5690738, 38.0494277, 23.5694579, 38.0493432, 23.5698572, 38.0492316, 23.5702621, 38.0490734, 23.5707664
450, 469655740, 3, 38.0496353, 23.5687229, 38.0496893, 23.5682558, 38.0497132, 23.5679317
451, 469655740, 1, 38.0497379, 23.5675959
452, 469655742, 2, 38.0497379, 23.5675959, 38.0497609, 23.5672575
453, 469655744, 2, 38.0497609, 23.5672575, 38.0498078, 23.5666727
454, 469658738, 2, 38.0433554, 23.5842231, 38.0437578, 23.5833815
455, 469658739, 2, 38.0442215, 23.582345, 38.0443707, 23.5820348
456, 469658996, 2, 38.0453853, 23.579929, 38.0457483, 23.5791694
457, 469658996, 3, 38.0460021, 23.5786275, 38.0470557, 23.5763754, 38.0473927, 23.575634
458, 469658996, 5, 38.0476901, 23.5749817, 38.0481794, 23.5737567, 38.0483279, 23.5733459, 38.0485026, 23.5728426, 38.0487474, 23.5720799
459, 469658996, 1, 38.0491465, 23.5708115
460, 469660032, 2, 38.0459704, 23.5784964, 38.0456662, 23.5791058
461, 469847208, 2, 38.0133397, 23.6368662, 38.0133919, 23.6366854
462, 469847209, 2, 38.0132503, 23.637202, 38.0133397, 23.6368662
463, 469847210, 4, 38.0130958, 23.6378573, 38.0131412, 23.6376366, 38.0131927, 23.6374181, 38.0132503, 23.637202
464, 469847211, 5, 38.0134979, 23.6357339, 38.0134604, 23.6359793, 38.0134129, 23.6362218, 38.0133557, 23.636461, 38.0132891, 23.6366962
465, 469847212, 6, 38.0135664, 23.6349492, 38.0135569, 23.6351067, 38.0135453, 23.6352639, 38.0135316, 23.6354209, 38.0135158, 23.6355776, 38.0134979, 23.6357339
466, 469847213, 3, 38.0135552, 23.6342598, 38.0135693, 23.6348209, 38.0135664, 23.6349492
467, 469847214, 2, 38.0136533, 23.6342032, 38.0136399, 23.6334099
468, 469847214, 3, 38.0136282, 23.6326643, 38.0136087, 23.6312867, 38.0135679, 23.628799
469, 469847214, 1, 38.0135283, 23.6269781
470, 469847215, 2, 38.0135387, 23.6333496, 38.0135552, 23.6342598
471, 469847217, 2, 38.0134216, 23.6269781, 38.0134685, 23.6287994
472, 469847217, 1, 38.0135387, 23.6333496
473, 469847218, 2, 38.012211, 23.6162174, 38.0124203, 23.6176598
474, 469847218, 3, 38.0127385, 23.6198604, 38.0128654, 23.6207199, 38.0131655, 23.6227514
475, 469847218, 4, 38.0133312, 23.6239337, 38.0133851, 23.6248879, 38.0134269, 23.6261004, 38.0134216, 23.6269781
476, 469847219, 5, 38.0135283, 23.6269781, 38.0135276, 23.6260991, 38.0134939, 23.6248886, 38.013441, 23.6238956, 38.013276, 23.6227476
477, 469847219, 2, 38.012569, 23.6180057, 38.0123182, 23.6161884
478, 469847220, 2, 38.0130197, 23.6376433, 38.0128566, 23.6383064
479, 469847221, 2, 38.0128566, 23.6383064, 38.012754, 23.6387169
480, 469847221, 1, 38.012707, 23.6389051
481, 469847222, 2, 38.0128579, 23.6390053, 38.0128793, 23.6389133
482, 469847227, 2, 38.0128793, 23.6389133, 38.0130958, 23.6378573
483, 469886294, 2, 38.012425, 23.6406772, 38.0124804, 23.6404641
484, 469886312, 2, 38.0122704, 23.6405632, 38.0122412, 23.6406741
485, 469888087, 2, 38.0121598, 23.6416719, 38.0123627, 23.640911
486, 469888087, 2, 38.0123788, 23.6408506, 38.012425, 23.6406772
487, 469888090, 3, 38.0110838, 23.6457483, 38.0111101, 23.6456314, 38.0112375, 23.6451314
488, 469888090, 1, 38.0113969, 23.6445334
489, 469888091, 2, 38.0121033, 23.6411958, 38.0113642, 23.6439902
490, 469888091, 1, 38.0112386, 23.6444649
491, 469888092, 4, 38.0112386, 23.6444649, 38.0109606, 23.6455162, 38.0109492, 23.6455615, 38.0109209, 23.6456828
492, 469888093, 2, 38.0122412, 23.6406741, 38.0122024, 23.640821
493, 469888093, 1, 38.0121033, 23.6411958
494, 469889710, 2, 38.0113969, 23.6445334, 38.0121598, 23.6416719
495, 475590730, 2, 38.0126787, 23.6622971, 38.0126646, 23.6612584
